file1,file2
input/dir/138805414.cpp,input/dir/164831265.cpp
input/dir/138805414.cpp,input/dir/21715601.cpp
input/dir/138805414.cpp,input/dir/29019948.cpp
input/dir/138805414.cpp,input/dir/31034693.cpp
input/dir/138805414.cpp,input/dir/33794240.cpp
input/dir/138805414.cpp,input/dir/36641065.cpp
input/dir/138805414.cpp,input/dir/45851050.cpp
input/dir/142890373.cpp,input/dir/164831265.cpp
input/dir/142890373.cpp,input/dir/21715601.cpp
input/dir/142890373.cpp,input/dir/29019948.cpp
input/dir/142890373.cpp,input/dir/31034693.cpp
input/dir/142890373.cpp,input/dir/33794240.cpp
input/dir/142890373.cpp,input/dir/36641065.cpp
input/dir/142890373.cpp,input/dir/45851050.cpp
input/dir/164831265.cpp,input/dir/21508887.cpp
input/dir/164831265.cpp,input/dir/21508898.cpp
input/dir/164831265.cpp,input/dir/30534178.cpp
input/dir/164831265.cpp,input/dir/45851050.cpp
input/dir/21508887.cpp,input/dir/21715601.cpp
input/dir/21508887.cpp,input/dir/29019948.cpp
input/dir/21508887.cpp,input/dir/31034693.cpp
input/dir/21508887.cpp,input/dir/33794240.cpp
input/dir/21508887.cpp,input/dir/36641065.cpp
input/dir/21508887.cpp,input/dir/45851050.cpp
input/dir/21508898.cpp,input/dir/21715601.cpp
input/dir/21508898.cpp,input/dir/29019948.cpp
input/dir/21508898.cpp,input/dir/31034693.cpp
input/dir/21508898.cpp,input/dir/33794240.cpp
input/dir/21508898.cpp,input/dir/36641065.cpp
input/dir/21508898.cpp,input/dir/45851050.cpp
input/dir/21715601.cpp,input/dir/30534178.cpp
input/dir/21715601.cpp,input/dir/45851050.cpp
input/dir/29019948.cpp,input/dir/30534178.cpp
input/dir/29019948.cpp,input/dir/45851050.cpp
input/dir/30534178.cpp,input/dir/31034693.cpp
input/dir/30534178.cpp,input/dir/33794240.cpp
input/dir/30534178.cpp,input/dir/36641065.cpp
input/dir/30534178.cpp,input/dir/45851050.cpp
input/dir/31034693.cpp,input/dir/45851050.cpp
input/dir/33794240.cpp,input/dir/45851050.cpp
input/dir/36641065.cpp,input/dir/45851050.cpp
